-- MySQL dump 10.13  Distrib 8.0.19, for Win64 (x86_64)
--
-- Host: localhost    Database: corretor_saeb
-- ------------------------------------------------------
-- Server version	8.0.35

/*!40101 SET @OLD_CHARACTER_SET_CLIENT=@@CHARACTER_SET_CLIENT */;
/*!40101 SET @OLD_CHARACTER_SET_RESULTS=@@CHARACTER_SET_RESULTS */;
/*!40101 SET @OLD_COLLATION_CONNECTION=@@COLLATION_CONNECTION */;
/*!50503 SET NAMES utf8mb4 */;
/*!40103 SET @OLD_TIME_ZONE=@@TIME_ZONE */;
/*!40103 SET TIME_ZONE='+00:00' */;
/*!40014 SET @OLD_UNIQUE_CHECKS=@@UNIQUE_CHECKS, UNIQUE_CHECKS=0 */;
/*!40014 SET @OLD_FOREIGN_KEY_CHECKS=@@FOREIGN_KEY_CHECKS, FOREIGN_KEY_CHECKS=0 */;
/*!40101 SET @OLD_SQL_MODE=@@SQL_MODE, SQL_MODE='NO_AUTO_VALUE_ON_ZERO' */;
/*!40111 SET @OLD_SQL_NOTES=@@SQL_NOTES, SQL_NOTES=0 */;

--
-- Table structure for table `lotes_correcao`
--

DROP TABLE IF EXISTS `lotes_correcao`;
/*!40101 SET @saved_cs_client     = @@character_set_client */;
/*!50503 SET character_set_client = utf8mb4 */;
CREATE TABLE `lotes_correcao` (
  `id` int NOT NULL AUTO_INCREMENT,
  `lote_id` varchar(255) NOT NULL,
  `s3_prefix` varchar(500) NOT NULL,
  `total_arquivos` int NOT NULL DEFAULT '0',
  `status` enum('uploaded','em_processamento','concluido','erro') NOT NULL DEFAULT 'uploaded',
  `mensagem_erro` text,
  `criado_em` datetime NOT NULL,
  `atualizado_em` datetime NOT NULL,
  `tempo_processamento_segundos` int DEFAULT NULL,
  PRIMARY KEY (`id`),
  UNIQUE KEY `uq_lote` (`lote_id`)
) ENGINE=InnoDB AUTO_INCREMENT=14 DEFAULT CHARSET=utf8mb4 COLLATE=utf8mb4_0900_ai_ci;
/*!40101 SET character_set_client = @saved_cs_client */;

--
-- Dumping data for table `lotes_correcao`
--

LOCK TABLES `lotes_correcao` WRITE;
/*!40000 ALTER TABLE `lotes_correcao` DISABLE KEYS */;
INSERT INTO `lotes_correcao` VALUES (1,'models\Coleta 01','localhost:8026/imgs/Coleta_01/',10,'concluido',NULL,'2025-11-27 22:33:37','2025-11-27 23:04:35',0),(2,'models\Coleta Padrao 202501','localhost:8026/imgs/Coleta_Padrao_202501/',10,'concluido',NULL,'2025-11-27 22:50:51','2025-11-27 23:04:38',0),(3,'models\Coleta 9 ano manha','localhost:8026/imgs/Coleta_9_ano_manha/',10,'concluido',NULL,'2025-11-27 23:00:18','2025-11-27 22:18:54',NULL),(4,'models\Coleta Teste 1','localhost:8026/imgs/Coleta_Teste_1/',10,'concluido',NULL,'2025-11-27 23:08:53','2025-11-27 23:35:40',0),(5,'models\Coleta de teste 2','localhost:8026/imgs/Coleta_de_teste_2/',10,'concluido',NULL,'2025-11-27 23:16:35','2025-11-27 23:04:27',1),(6,'Nova models\Coleta Saeb','localhost:8026/imgs/Nova_Coleta_Saeb/',10,'concluido',NULL,'2025-11-27 23:20:12','2025-11-27 22:19:09',NULL),(7,'Novo lote de testes','localhost:8026/imgs/Novo_lote_de_testes/',10,'concluido',NULL,'2025-11-27 23:22:24','2025-11-27 23:04:24',1),(8,'models\Coleta teste 2025','localhost:8026/imgs/Coleta_teste_2025/',10,'concluido',NULL,'2025-11-27 23:24:06','2025-11-27 23:04:19',0),(9,'models\Coleta Abril 2025','localhost:8026/imgs/Coleta_Abril_2025/',5,'concluido',NULL,'2025-11-27 23:25:53','2025-11-27 23:04:17',0),(11,'Analise models\Coleta Novembro 2025','localhost:8026/imgs/Analise_Coleta_Novembro_2025/',10,'concluido',NULL,'2025-11-27 23:30:31','2025-11-27 23:04:13',0),(12,'models\Coleta nova 1','localhost:8026/imgs/Coleta_nova_1/',10,'concluido',NULL,'2025-11-28 01:10:28','2025-11-27 23:03:53',0),(13,'Turma nova 2026','localhost:8026/imgs/Turma_nova_2026/',5,'concluido',NULL,'2025-11-28 02:36:29','2025-11-27 23:36:35',0);
/*!40000 ALTER TABLE `lotes_correcao` ENABLE KEYS */;
UNLOCK TABLES;

--
-- Table structure for table `paginas_lote`
--

DROP TABLE IF EXISTS `paginas_lote`;
/*!40101 SET @saved_cs_client     = @@character_set_client */;
/*!50503 SET character_set_client = utf8mb4 */;
CREATE TABLE `paginas_lote` (
  `id` int NOT NULL AUTO_INCREMENT,
  `lote_id` varchar(255) NOT NULL,
  `pagina` int NOT NULL,
  `tipo_folha` enum('Resposta','Caderno') NOT NULL DEFAULT 'Resposta',
  `status` enum('corrigida','defeituosa','repetida') NOT NULL,
  `mensagem` text,
  `criado_em` datetime NOT NULL,
  `atualizado_em` datetime NOT NULL,
  PRIMARY KEY (`id`),
  KEY `idx_lote_pagina` (`lote_id`,`pagina`)
) ENGINE=InnoDB AUTO_INCREMENT=260 DEFAULT CHARSET=utf8mb4 COLLATE=utf8mb4_0900_ai_ci;
/*!40101 SET character_set_client = @saved_cs_client */;

--
-- Dumping data for table `paginas_lote`
--

LOCK TABLES `paginas_lote` WRITE;
/*!40000 ALTER TABLE `paginas_lote` DISABLE KEYS */;
INSERT INTO `paginas_lote` VALUES (1,'models\Coleta nova 1',5,'Resposta','corrigida','A leitura da folha foi realizada com êxito.','2025-11-27 22:17:50','2025-11-27 22:17:50'),(2,'models\Coleta nova 1',4,'Resposta','corrigida','A leitura da folha foi realizada com êxito.','2025-11-27 22:17:50','2025-11-27 22:17:50'),(3,'models\Coleta nova 1',3,'Resposta','corrigida','A leitura da folha foi realizada com êxito.','2025-11-27 22:17:50','2025-11-27 22:17:50'),(4,'models\Coleta nova 1',2,'Resposta','corrigida','A leitura da folha foi realizada com êxito.','2025-11-27 22:17:50','2025-11-27 22:17:50'),(5,'models\Coleta nova 1',1,'Resposta','corrigida','A leitura da folha foi realizada com êxito.','2025-11-27 22:17:50','2025-11-27 22:17:50'),(6,'models\Coleta nova 1',1,'Resposta','corrigida','A leitura da folha foi realizada com êxito.','2025-11-27 22:17:50','2025-11-27 22:17:50'),(7,'models\Coleta nova 1',2,'Resposta','corrigida','A leitura da folha foi realizada com êxito.','2025-11-27 22:17:50','2025-11-27 22:17:50'),(8,'models\Coleta nova 1',3,'Resposta','corrigida','A leitura da folha foi realizada com êxito.','2025-11-27 22:17:51','2025-11-27 22:17:51'),(9,'models\Coleta nova 1',4,'Resposta','corrigida','A leitura da folha foi realizada com êxito.','2025-11-27 22:17:51','2025-11-27 22:17:51'),(10,'models\Coleta nova 1',5,'Resposta','corrigida','A leitura da folha foi realizada com êxito.','2025-11-27 22:17:51','2025-11-27 22:17:51'),(11,'Analise models\Coleta Novembro 2025',4,'Resposta','corrigida','A leitura da folha foi realizada com êxito.','2025-11-27 22:17:57','2025-11-27 22:17:57'),(12,'Analise models\Coleta Novembro 2025',5,'Resposta','corrigida','A leitura da folha foi realizada com êxito.','2025-11-27 22:17:57','2025-11-27 22:17:57'),(13,'Analise models\Coleta Novembro 2025',3,'Resposta','corrigida','A leitura da folha foi realizada com êxito.','2025-11-27 22:17:58','2025-11-27 22:17:58'),(14,'Analise models\Coleta Novembro 2025',2,'Resposta','corrigida','A leitura da folha foi realizada com êxito.','2025-11-27 22:17:58','2025-11-27 22:17:58'),(15,'Analise models\Coleta Novembro 2025',1,'Resposta','corrigida','A leitura da folha foi realizada com êxito.','2025-11-27 22:17:58','2025-11-27 22:17:58'),(16,'Analise models\Coleta Novembro 2025',1,'Resposta','corrigida','A leitura da folha foi realizada com êxito.','2025-11-27 22:17:58','2025-11-27 22:17:58'),(17,'Analise models\Coleta Novembro 2025',2,'Resposta','corrigida','A leitura da folha foi realizada com êxito.','2025-11-27 22:17:58','2025-11-27 22:17:58'),(18,'Analise models\Coleta Novembro 2025',3,'Resposta','corrigida','A leitura da folha foi realizada com êxito.','2025-11-27 22:17:58','2025-11-27 22:17:58'),(19,'Analise models\Coleta Novembro 2025',4,'Resposta','corrigida','A leitura da folha foi realizada com êxito.','2025-11-27 22:17:58','2025-11-27 22:17:58'),(20,'Analise models\Coleta Novembro 2025',5,'Resposta','corrigida','A leitura da folha foi realizada com êxito.','2025-11-27 22:17:58','2025-11-27 22:17:58'),(21,'models\Coleta Abril 2025',4,'Resposta','corrigida','A leitura da folha foi realizada com êxito.','2025-11-27 22:18:03','2025-11-27 22:18:03'),(22,'models\Coleta Abril 2025',5,'Resposta','corrigida','A leitura da folha foi realizada com êxito.','2025-11-27 22:18:03','2025-11-27 22:18:03'),(23,'models\Coleta Abril 2025',3,'Resposta','corrigida','A leitura da folha foi realizada com êxito.','2025-11-27 22:18:03','2025-11-27 22:18:03'),(24,'models\Coleta Abril 2025',2,'Resposta','corrigida','A leitura da folha foi realizada com êxito.','2025-11-27 22:18:03','2025-11-27 22:18:03'),(25,'models\Coleta Abril 2025',1,'Resposta','corrigida','A leitura da folha foi realizada com êxito.','2025-11-27 22:18:03','2025-11-27 22:18:03'),(26,'models\Coleta Abril 2025',2,'Resposta','corrigida','A leitura da folha foi realizada com êxito.','2025-11-27 22:18:03','2025-11-27 22:18:03'),(27,'models\Coleta Abril 2025',1,'Resposta','corrigida','A leitura da folha foi realizada com êxito.','2025-11-27 22:18:03','2025-11-27 22:18:03'),(28,'models\Coleta Abril 2025',3,'Resposta','corrigida','A leitura da folha foi realizada com êxito.','2025-11-27 22:18:03','2025-11-27 22:18:03'),(29,'models\Coleta Abril 2025',4,'Resposta','corrigida','A leitura da folha foi realizada com êxito.','2025-11-27 22:18:03','2025-11-27 22:18:03'),(30,'models\Coleta Abril 2025',5,'Resposta','corrigida','A leitura da folha foi realizada com êxito.','2025-11-27 22:18:03','2025-11-27 22:18:03'),(31,'models\Coleta Abril 2025',1,'Resposta','corrigida','A leitura da folha foi realizada com êxito.','2025-11-27 22:18:04','2025-11-27 22:18:04'),(32,'models\Coleta Abril 2025',2,'Resposta','corrigida','A leitura da folha foi realizada com êxito.','2025-11-27 22:18:04','2025-11-27 22:18:04'),(33,'models\Coleta Abril 2025',3,'Resposta','corrigida','A leitura da folha foi realizada com êxito.','2025-11-27 22:18:04','2025-11-27 22:18:04'),(34,'models\Coleta Abril 2025',4,'Resposta','corrigida','A leitura da folha foi realizada com êxito.','2025-11-27 22:18:04','2025-11-27 22:18:04'),(35,'models\Coleta Abril 2025',5,'Resposta','corrigida','A leitura da folha foi realizada com êxito.','2025-11-27 22:18:04','2025-11-27 22:18:04'),(36,'models\Coleta Padrao 202501',4,'Resposta','corrigida','A leitura da folha foi realizada com êxito.','2025-11-27 22:18:36','2025-11-27 22:18:36'),(37,'models\Coleta Padrao 202501',5,'Resposta','corrigida','A leitura da folha foi realizada com êxito.','2025-11-27 22:18:36','2025-11-27 22:18:36'),(38,'models\Coleta Padrao 202501',3,'Resposta','corrigida','A leitura da folha foi realizada com êxito.','2025-11-27 22:18:36','2025-11-27 22:18:36'),(39,'models\Coleta Padrao 202501',2,'Resposta','corrigida','A leitura da folha foi realizada com êxito.','2025-11-27 22:18:36','2025-11-27 22:18:36'),(40,'models\Coleta Padrao 202501',1,'Resposta','corrigida','A leitura da folha foi realizada com êxito.','2025-11-27 22:18:36','2025-11-27 22:18:36'),(41,'models\Coleta Padrao 202501',1,'Resposta','corrigida','A leitura da folha foi realizada com êxito.','2025-11-27 22:18:37','2025-11-27 22:18:37'),(42,'models\Coleta Padrao 202501',2,'Resposta','corrigida','A leitura da folha foi realizada com êxito.','2025-11-27 22:18:37','2025-11-27 22:18:37'),(43,'models\Coleta Padrao 202501',3,'Resposta','corrigida','A leitura da folha foi realizada com êxito.','2025-11-27 22:18:37','2025-11-27 22:18:37'),(44,'models\Coleta Padrao 202501',4,'Resposta','corrigida','A leitura da folha foi realizada com êxito.','2025-11-27 22:18:37','2025-11-27 22:18:37'),(45,'models\Coleta Padrao 202501',5,'Resposta','corrigida','A leitura da folha foi realizada com êxito.','2025-11-27 22:18:38','2025-11-27 22:18:38'),(46,'models\Coleta 01',4,'Resposta','corrigida','A leitura da folha foi realizada com êxito.','2025-11-27 22:18:41','2025-11-27 22:18:41'),(47,'models\Coleta 01',5,'Resposta','corrigida','A leitura da folha foi realizada com êxito.','2025-11-27 22:18:41','2025-11-27 22:18:41'),(48,'models\Coleta 01',3,'Resposta','corrigida','A leitura da folha foi realizada com êxito.','2025-11-27 22:18:42','2025-11-27 22:18:42'),(49,'models\Coleta 01',2,'Resposta','corrigida','A leitura da folha foi realizada com êxito.','2025-11-27 22:18:42','2025-11-27 22:18:42'),(50,'models\Coleta 01',1,'Resposta','corrigida','A leitura da folha foi realizada com êxito.','2025-11-27 22:18:42','2025-11-27 22:18:42'),(51,'models\Coleta 01',1,'Resposta','corrigida','A leitura da folha foi realizada com êxito.','2025-11-27 22:18:42','2025-11-27 22:18:42'),(52,'models\Coleta 01',2,'Resposta','corrigida','A leitura da folha foi realizada com êxito.','2025-11-27 22:18:42','2025-11-27 22:18:42'),(53,'models\Coleta 01',4,'Resposta','corrigida','A leitura da folha foi realizada com êxito.','2025-11-27 22:18:42','2025-11-27 22:18:42'),(54,'models\Coleta 01',3,'Resposta','corrigida','A leitura da folha foi realizada com êxito.','2025-11-27 22:18:42','2025-11-27 22:18:42'),(55,'models\Coleta 01',5,'Resposta','corrigida','A leitura da folha foi realizada com êxito.','2025-11-27 22:18:42','2025-11-27 22:18:42'),(56,'models\Coleta Teste 1',4,'Resposta','corrigida','A leitura da folha foi realizada com êxito.','2025-11-27 22:18:48','2025-11-27 22:18:48'),(57,'models\Coleta Teste 1',5,'Resposta','corrigida','A leitura da folha foi realizada com êxito.','2025-11-27 22:18:48','2025-11-27 22:18:48'),(58,'models\Coleta Teste 1',3,'Resposta','corrigida','A leitura da folha foi realizada com êxito.','2025-11-27 22:18:48','2025-11-27 22:18:48'),(59,'models\Coleta Teste 1',2,'Resposta','corrigida','A leitura da folha foi realizada com êxito.','2025-11-27 22:18:48','2025-11-27 22:18:48'),(60,'models\Coleta Teste 1',1,'Resposta','corrigida','A leitura da folha foi realizada com êxito.','2025-11-27 22:18:48','2025-11-27 22:18:48'),(61,'models\Coleta Teste 1',1,'Resposta','corrigida','A leitura da folha foi realizada com êxito.','2025-11-27 22:18:49','2025-11-27 22:18:49'),(62,'models\Coleta Teste 1',2,'Resposta','corrigida','A leitura da folha foi realizada com êxito.','2025-11-27 22:18:49','2025-11-27 22:18:49'),(63,'models\Coleta Teste 1',3,'Resposta','corrigida','A leitura da folha foi realizada com êxito.','2025-11-27 22:18:49','2025-11-27 22:18:49'),(64,'models\Coleta Teste 1',4,'Resposta','corrigida','A leitura da folha foi realizada com êxito.','2025-11-27 22:18:49','2025-11-27 22:18:49'),(65,'models\Coleta Teste 1',5,'Resposta','corrigida','A leitura da folha foi realizada com êxito.','2025-11-27 22:18:49','2025-11-27 22:18:49'),(66,'models\Coleta 9 ano manha',4,'Resposta','corrigida','A leitura da folha foi realizada com êxito.','2025-11-27 22:18:53','2025-11-27 22:18:53'),(67,'models\Coleta 9 ano manha',5,'Resposta','corrigida','A leitura da folha foi realizada com êxito.','2025-11-27 22:18:53','2025-11-27 22:18:53'),(68,'models\Coleta 9 ano manha',3,'Resposta','corrigida','A leitura da folha foi realizada com êxito.','2025-11-27 22:18:53','2025-11-27 22:18:53'),(69,'models\Coleta 9 ano manha',2,'Resposta','corrigida','A leitura da folha foi realizada com êxito.','2025-11-27 22:18:53','2025-11-27 22:18:53'),(70,'models\Coleta 9 ano manha',1,'Resposta','corrigida','A leitura da folha foi realizada com êxito.','2025-11-27 22:18:53','2025-11-27 22:18:53'),(71,'models\Coleta 9 ano manha',1,'Resposta','corrigida','A leitura da folha foi realizada com êxito.','2025-11-27 22:18:53','2025-11-27 22:18:53'),(72,'models\Coleta 9 ano manha',2,'Resposta','corrigida','A leitura da folha foi realizada com êxito.','2025-11-27 22:18:53','2025-11-27 22:18:53'),(73,'models\Coleta 9 ano manha',3,'Resposta','corrigida','A leitura da folha foi realizada com êxito.','2025-11-27 22:18:53','2025-11-27 22:18:53'),(74,'models\Coleta 9 ano manha',4,'Resposta','corrigida','A leitura da folha foi realizada com êxito.','2025-11-27 22:18:53','2025-11-27 22:18:53'),(75,'models\Coleta 9 ano manha',5,'Resposta','corrigida','A leitura da folha foi realizada com êxito.','2025-11-27 22:18:54','2025-11-27 22:18:54'),(76,'models\Coleta de teste 2',4,'Resposta','corrigida','A leitura da folha foi realizada com êxito.','2025-11-27 22:18:57','2025-11-27 22:18:57'),(77,'models\Coleta de teste 2',5,'Resposta','corrigida','A leitura da folha foi realizada com êxito.','2025-11-27 22:18:57','2025-11-27 22:18:57'),(78,'models\Coleta de teste 2',3,'Resposta','corrigida','A leitura da folha foi realizada com êxito.','2025-11-27 22:18:57','2025-11-27 22:18:57'),(79,'models\Coleta de teste 2',2,'Resposta','corrigida','A leitura da folha foi realizada com êxito.','2025-11-27 22:18:57','2025-11-27 22:18:57'),(80,'models\Coleta de teste 2',1,'Resposta','corrigida','A leitura da folha foi realizada com êxito.','2025-11-27 22:18:57','2025-11-27 22:18:57'),(81,'models\Coleta de teste 2',1,'Resposta','corrigida','A leitura da folha foi realizada com êxito.','2025-11-27 22:18:57','2025-11-27 22:18:57'),(82,'models\Coleta de teste 2',2,'Resposta','corrigida','A leitura da folha foi realizada com êxito.','2025-11-27 22:18:57','2025-11-27 22:18:57'),(83,'models\Coleta de teste 2',4,'Resposta','corrigida','A leitura da folha foi realizada com êxito.','2025-11-27 22:18:57','2025-11-27 22:18:57'),(84,'models\Coleta de teste 2',3,'Resposta','corrigida','A leitura da folha foi realizada com êxito.','2025-11-27 22:18:57','2025-11-27 22:18:57'),(85,'models\Coleta de teste 2',5,'Resposta','corrigida','A leitura da folha foi realizada com êxito.','2025-11-27 22:18:57','2025-11-27 22:18:57'),(86,'models\Coleta teste 2025',4,'Resposta','corrigida','A leitura da folha foi realizada com êxito.','2025-11-27 22:19:01','2025-11-27 22:19:01'),(87,'models\Coleta teste 2025',5,'Resposta','corrigida','A leitura da folha foi realizada com êxito.','2025-11-27 22:19:01','2025-11-27 22:19:01'),(88,'models\Coleta teste 2025',3,'Resposta','corrigida','A leitura da folha foi realizada com êxito.','2025-11-27 22:19:01','2025-11-27 22:19:01'),(89,'models\Coleta teste 2025',2,'Resposta','corrigida','A leitura da folha foi realizada com êxito.','2025-11-27 22:19:01','2025-11-27 22:19:01'),(90,'models\Coleta teste 2025',1,'Resposta','corrigida','A leitura da folha foi realizada com êxito.','2025-11-27 22:19:01','2025-11-27 22:19:01'),(91,'models\Coleta teste 2025',1,'Resposta','corrigida','A leitura da folha foi realizada com êxito.','2025-11-27 22:19:02','2025-11-27 22:19:02'),(92,'models\Coleta teste 2025',2,'Resposta','corrigida','A leitura da folha foi realizada com êxito.','2025-11-27 22:19:02','2025-11-27 22:19:02'),(93,'models\Coleta teste 2025',3,'Resposta','corrigida','A leitura da folha foi realizada com êxito.','2025-11-27 22:19:02','2025-11-27 22:19:02'),(94,'models\Coleta teste 2025',4,'Resposta','corrigida','A leitura da folha foi realizada com êxito.','2025-11-27 22:19:02','2025-11-27 22:19:02'),(95,'models\Coleta teste 2025',5,'Resposta','corrigida','A leitura da folha foi realizada com êxito.','2025-11-27 22:19:02','2025-11-27 22:19:02'),(96,'Novo lote de testes',4,'Resposta','corrigida','A leitura da folha foi realizada com êxito.','2025-11-27 22:19:04','2025-11-27 22:19:04'),(97,'Novo lote de testes',5,'Resposta','corrigida','A leitura da folha foi realizada com êxito.','2025-11-27 22:19:04','2025-11-27 22:19:04'),(98,'Novo lote de testes',3,'Resposta','corrigida','A leitura da folha foi realizada com êxito.','2025-11-27 22:19:05','2025-11-27 22:19:05'),(99,'Novo lote de testes',2,'Resposta','corrigida','A leitura da folha foi realizada com êxito.','2025-11-27 22:19:05','2025-11-27 22:19:05'),(100,'Novo lote de testes',1,'Resposta','corrigida','A leitura da folha foi realizada com êxito.','2025-11-27 22:19:05','2025-11-27 22:19:05'),(101,'Novo lote de testes',1,'Resposta','corrigida','A leitura da folha foi realizada com êxito.','2025-11-27 22:19:05','2025-11-27 22:19:05'),(102,'Novo lote de testes',2,'Resposta','corrigida','A leitura da folha foi realizada com êxito.','2025-11-27 22:19:05','2025-11-27 22:19:05'),(103,'Novo lote de testes',3,'Resposta','corrigida','A leitura da folha foi realizada com êxito.','2025-11-27 22:19:06','2025-11-27 22:19:06'),(104,'Novo lote de testes',4,'Resposta','corrigida','A leitura da folha foi realizada com êxito.','2025-11-27 22:19:06','2025-11-27 22:19:06'),(105,'Novo lote de testes',5,'Resposta','corrigida','A leitura da folha foi realizada com êxito.','2025-11-27 22:19:06','2025-11-27 22:19:06'),(106,'Nova models\Coleta Saeb',4,'Resposta','corrigida','A leitura da folha foi realizada com êxito.','2025-11-27 22:19:08','2025-11-27 22:19:08'),(107,'Nova models\Coleta Saeb',5,'Resposta','corrigida','A leitura da folha foi realizada com êxito.','2025-11-27 22:19:08','2025-11-27 22:19:08'),(108,'Nova models\Coleta Saeb',3,'Resposta','corrigida','A leitura da folha foi realizada com êxito.','2025-11-27 22:19:08','2025-11-27 22:19:08'),(109,'Nova models\Coleta Saeb',2,'Resposta','corrigida','A leitura da folha foi realizada com êxito.','2025-11-27 22:19:08','2025-11-27 22:19:08'),(110,'Nova models\Coleta Saeb',1,'Resposta','corrigida','A leitura da folha foi realizada com êxito.','2025-11-27 22:19:08','2025-11-27 22:19:08'),(111,'Nova models\Coleta Saeb',1,'Resposta','corrigida','A leitura da folha foi realizada com êxito.','2025-11-27 22:19:08','2025-11-27 22:19:08'),(112,'Nova models\Coleta Saeb',2,'Resposta','corrigida','A leitura da folha foi realizada com êxito.','2025-11-27 22:19:08','2025-11-27 22:19:08'),(113,'Nova models\Coleta Saeb',3,'Resposta','corrigida','A leitura da folha foi realizada com êxito.','2025-11-27 22:19:08','2025-11-27 22:19:08'),(114,'Nova models\Coleta Saeb',4,'Resposta','corrigida','A leitura da folha foi realizada com êxito.','2025-11-27 22:19:08','2025-11-27 22:19:08'),(115,'Nova models\Coleta Saeb',5,'Resposta','corrigida','A leitura da folha foi realizada com êxito.','2025-11-27 22:19:08','2025-11-27 22:19:08'),(116,'models\Coleta nova 1',5,'Resposta','corrigida','A leitura da folha foi realizada com êxito.','2025-11-27 22:59:20','2025-11-27 22:59:20'),(117,'models\Coleta nova 1',4,'Resposta','corrigida','A leitura da folha foi realizada com êxito.','2025-11-27 22:59:20','2025-11-27 22:59:20'),(118,'models\Coleta nova 1',3,'Resposta','corrigida','A leitura da folha foi realizada com êxito.','2025-11-27 22:59:20','2025-11-27 22:59:20'),(119,'models\Coleta nova 1',2,'Resposta','corrigida','A leitura da folha foi realizada com êxito.','2025-11-27 22:59:20','2025-11-27 22:59:20'),(120,'models\Coleta nova 1',1,'Resposta','corrigida','A leitura da folha foi realizada com êxito.','2025-11-27 22:59:21','2025-11-27 22:59:21'),(121,'models\Coleta nova 1',1,'Resposta','corrigida','A leitura da folha foi realizada com êxito.','2025-11-27 22:59:21','2025-11-27 22:59:21'),(122,'models\Coleta nova 1',2,'Resposta','corrigida','A leitura da folha foi realizada com êxito.','2025-11-27 22:59:21','2025-11-27 22:59:21'),(123,'models\Coleta nova 1',3,'Resposta','corrigida','A leitura da folha foi realizada com êxito.','2025-11-27 22:59:22','2025-11-27 22:59:22'),(124,'models\Coleta nova 1',4,'Resposta','corrigida','A leitura da folha foi realizada com êxito.','2025-11-27 22:59:22','2025-11-27 22:59:22'),(125,'models\Coleta nova 1',5,'Resposta','corrigida','A leitura da folha foi realizada com êxito.','2025-11-27 22:59:22','2025-11-27 22:59:22'),(126,'Analise models\Coleta Novembro 2025',5,'Resposta','corrigida','A leitura da folha foi realizada com êxito.','2025-11-27 23:01:12','2025-11-27 23:01:12'),(127,'Analise models\Coleta Novembro 2025',4,'Resposta','corrigida','A leitura da folha foi realizada com êxito.','2025-11-27 23:01:12','2025-11-27 23:01:12'),(128,'Analise models\Coleta Novembro 2025',3,'Resposta','corrigida','A leitura da folha foi realizada com êxito.','2025-11-27 23:01:12','2025-11-27 23:01:12'),(129,'Analise models\Coleta Novembro 2025',2,'Resposta','corrigida','A leitura da folha foi realizada com êxito.','2025-11-27 23:01:12','2025-11-27 23:01:12'),(130,'Analise models\Coleta Novembro 2025',1,'Resposta','corrigida','A leitura da folha foi realizada com êxito.','2025-11-27 23:01:12','2025-11-27 23:01:12'),(131,'Analise models\Coleta Novembro 2025',1,'Resposta','corrigida','A leitura da folha foi realizada com êxito.','2025-11-27 23:01:12','2025-11-27 23:01:12'),(132,'Analise models\Coleta Novembro 2025',2,'Resposta','corrigida','A leitura da folha foi realizada com êxito.','2025-11-27 23:01:12','2025-11-27 23:01:12'),(133,'Analise models\Coleta Novembro 2025',4,'Resposta','corrigida','A leitura da folha foi realizada com êxito.','2025-11-27 23:01:12','2025-11-27 23:01:12'),(134,'Analise models\Coleta Novembro 2025',3,'Resposta','corrigida','A leitura da folha foi realizada com êxito.','2025-11-27 23:01:12','2025-11-27 23:01:12'),(135,'Analise models\Coleta Novembro 2025',5,'Resposta','corrigida','A leitura da folha foi realizada com êxito.','2025-11-27 23:01:12','2025-11-27 23:01:12'),(136,'models\Coleta Padrao 202501',5,'Resposta','corrigida','A leitura da folha foi realizada com êxito.','2025-11-27 23:03:34','2025-11-27 23:03:34'),(137,'models\Coleta Padrao 202501',4,'Resposta','corrigida','A leitura da folha foi realizada com êxito.','2025-11-27 23:03:34','2025-11-27 23:03:34'),(138,'models\Coleta Padrao 202501',3,'Resposta','corrigida','A leitura da folha foi realizada com êxito.','2025-11-27 23:03:34','2025-11-27 23:03:34'),(139,'models\Coleta Padrao 202501',2,'Resposta','corrigida','A leitura da folha foi realizada com êxito.','2025-11-27 23:03:34','2025-11-27 23:03:34'),(140,'models\Coleta Padrao 202501',1,'Resposta','corrigida','A leitura da folha foi realizada com êxito.','2025-11-27 23:03:35','2025-11-27 23:03:35'),(141,'models\Coleta Padrao 202501',1,'Resposta','corrigida','A leitura da folha foi realizada com êxito.','2025-11-27 23:03:35','2025-11-27 23:03:35'),(142,'models\Coleta Padrao 202501',2,'Resposta','corrigida','A leitura da folha foi realizada com êxito.','2025-11-27 23:03:35','2025-11-27 23:03:35'),(143,'models\Coleta Padrao 202501',3,'Resposta','corrigida','A leitura da folha foi realizada com êxito.','2025-11-27 23:03:35','2025-11-27 23:03:35'),(144,'models\Coleta Padrao 202501',4,'Resposta','corrigida','A leitura da folha foi realizada com êxito.','2025-11-27 23:03:35','2025-11-27 23:03:35'),(145,'models\Coleta Padrao 202501',5,'Resposta','corrigida','A leitura da folha foi realizada com êxito.','2025-11-27 23:03:35','2025-11-27 23:03:35'),(146,'models\Coleta nova 1',4,'Resposta','corrigida','A leitura da folha foi realizada com êxito.','2025-11-27 23:03:52','2025-11-27 23:03:52'),(147,'models\Coleta nova 1',5,'Resposta','corrigida','A leitura da folha foi realizada com êxito.','2025-11-27 23:03:52','2025-11-27 23:03:52'),(148,'models\Coleta nova 1',3,'Resposta','corrigida','A leitura da folha foi realizada com êxito.','2025-11-27 23:03:52','2025-11-27 23:03:52'),(149,'models\Coleta nova 1',2,'Resposta','corrigida','A leitura da folha foi realizada com êxito.','2025-11-27 23:03:52','2025-11-27 23:03:52'),(150,'models\Coleta nova 1',1,'Resposta','corrigida','A leitura da folha foi realizada com êxito.','2025-11-27 23:03:52','2025-11-27 23:03:52'),(151,'models\Coleta nova 1',1,'Resposta','corrigida','A leitura da folha foi realizada com êxito.','2025-11-27 23:03:53','2025-11-27 23:03:53'),(152,'models\Coleta nova 1',2,'Resposta','corrigida','A leitura da folha foi realizada com êxito.','2025-11-27 23:03:53','2025-11-27 23:03:53'),(153,'models\Coleta nova 1',3,'Resposta','corrigida','A leitura da folha foi realizada com êxito.','2025-11-27 23:03:53','2025-11-27 23:03:53'),(154,'models\Coleta nova 1',4,'Resposta','corrigida','A leitura da folha foi realizada com êxito.','2025-11-27 23:03:53','2025-11-27 23:03:53'),(155,'models\Coleta nova 1',5,'Resposta','corrigida','A leitura da folha foi realizada com êxito.','2025-11-27 23:03:53','2025-11-27 23:03:53'),(156,'Analise models\Coleta Novembro 2025',4,'Resposta','corrigida','A leitura da folha foi realizada com êxito.','2025-11-27 23:04:12','2025-11-27 23:04:12'),(157,'Analise models\Coleta Novembro 2025',5,'Resposta','corrigida','A leitura da folha foi realizada com êxito.','2025-11-27 23:04:12','2025-11-27 23:04:12'),(158,'Analise models\Coleta Novembro 2025',3,'Resposta','corrigida','A leitura da folha foi realizada com êxito.','2025-11-27 23:04:12','2025-11-27 23:04:12'),(159,'Analise models\Coleta Novembro 2025',2,'Resposta','corrigida','A leitura da folha foi realizada com êxito.','2025-11-27 23:04:12','2025-11-27 23:04:12'),(160,'Analise models\Coleta Novembro 2025',1,'Resposta','corrigida','A leitura da folha foi realizada com êxito.','2025-11-27 23:04:13','2025-11-27 23:04:13'),(161,'Analise models\Coleta Novembro 2025',1,'Resposta','corrigida','A leitura da folha foi realizada com êxito.','2025-11-27 23:04:13','2025-11-27 23:04:13'),(162,'Analise models\Coleta Novembro 2025',2,'Resposta','corrigida','A leitura da folha foi realizada com êxito.','2025-11-27 23:04:13','2025-11-27 23:04:13'),(163,'Analise models\Coleta Novembro 2025',3,'Resposta','corrigida','A leitura da folha foi realizada com êxito.','2025-11-27 23:04:13','2025-11-27 23:04:13'),(164,'Analise models\Coleta Novembro 2025',4,'Resposta','corrigida','A leitura da folha foi realizada com êxito.','2025-11-27 23:04:13','2025-11-27 23:04:13'),(165,'Analise models\Coleta Novembro 2025',5,'Resposta','corrigida','A leitura da folha foi realizada com êxito.','2025-11-27 23:04:13','2025-11-27 23:04:13'),(166,'models\Coleta Abril 2025',4,'Resposta','corrigida','A leitura da folha foi realizada com êxito.','2025-11-27 23:04:16','2025-11-27 23:04:16'),(167,'models\Coleta Abril 2025',5,'Resposta','corrigida','A leitura da folha foi realizada com êxito.','2025-11-27 23:04:16','2025-11-27 23:04:16'),(168,'models\Coleta Abril 2025',3,'Resposta','corrigida','A leitura da folha foi realizada com êxito.','2025-11-27 23:04:16','2025-11-27 23:04:16'),(169,'models\Coleta Abril 2025',2,'Resposta','corrigida','A leitura da folha foi realizada com êxito.','2025-11-27 23:04:16','2025-11-27 23:04:16'),(170,'models\Coleta Abril 2025',1,'Resposta','corrigida','A leitura da folha foi realizada com êxito.','2025-11-27 23:04:16','2025-11-27 23:04:16'),(171,'models\Coleta Abril 2025',2,'Resposta','corrigida','A leitura da folha foi realizada com êxito.','2025-11-27 23:04:16','2025-11-27 23:04:16'),(172,'models\Coleta Abril 2025',3,'Resposta','corrigida','A leitura da folha foi realizada com êxito.','2025-11-27 23:04:16','2025-11-27 23:04:16'),(173,'models\Coleta Abril 2025',1,'Resposta','corrigida','A leitura da folha foi realizada com êxito.','2025-11-27 23:04:16','2025-11-27 23:04:16'),(174,'models\Coleta Abril 2025',4,'Resposta','corrigida','A leitura da folha foi realizada com êxito.','2025-11-27 23:04:16','2025-11-27 23:04:16'),(175,'models\Coleta Abril 2025',5,'Resposta','corrigida','A leitura da folha foi realizada com êxito.','2025-11-27 23:04:16','2025-11-27 23:04:16'),(176,'models\Coleta Abril 2025',1,'Resposta','corrigida','A leitura da folha foi realizada com êxito.','2025-11-27 23:04:16','2025-11-27 23:04:16'),(177,'models\Coleta Abril 2025',2,'Resposta','corrigida','A leitura da folha foi realizada com êxito.','2025-11-27 23:04:16','2025-11-27 23:04:16'),(178,'models\Coleta Abril 2025',4,'Resposta','corrigida','A leitura da folha foi realizada com êxito.','2025-11-27 23:04:16','2025-11-27 23:04:16'),(179,'models\Coleta Abril 2025',3,'Resposta','corrigida','A leitura da folha foi realizada com êxito.','2025-11-27 23:04:16','2025-11-27 23:04:16'),(180,'models\Coleta Abril 2025',5,'Resposta','corrigida','A leitura da folha foi realizada com êxito.','2025-11-27 23:04:17','2025-11-27 23:04:17'),(181,'models\Coleta teste 2025',4,'Resposta','corrigida','A leitura da folha foi realizada com êxito.','2025-11-27 23:04:19','2025-11-27 23:04:19'),(182,'models\Coleta teste 2025',5,'Resposta','corrigida','A leitura da folha foi realizada com êxito.','2025-11-27 23:04:19','2025-11-27 23:04:19'),(183,'models\Coleta teste 2025',3,'Resposta','corrigida','A leitura da folha foi realizada com êxito.','2025-11-27 23:04:19','2025-11-27 23:04:19'),(184,'models\Coleta teste 2025',2,'Resposta','corrigida','A leitura da folha foi realizada com êxito.','2025-11-27 23:04:19','2025-11-27 23:04:19'),(185,'models\Coleta teste 2025',1,'Resposta','corrigida','A leitura da folha foi realizada com êxito.','2025-11-27 23:04:19','2025-11-27 23:04:19'),(186,'models\Coleta teste 2025',1,'Resposta','corrigida','A leitura da folha foi realizada com êxito.','2025-11-27 23:04:19','2025-11-27 23:04:19'),(187,'models\Coleta teste 2025',2,'Resposta','corrigida','A leitura da folha foi realizada com êxito.','2025-11-27 23:04:19','2025-11-27 23:04:19'),(188,'models\Coleta teste 2025',4,'Resposta','corrigida','A leitura da folha foi realizada com êxito.','2025-11-27 23:04:19','2025-11-27 23:04:19'),(189,'models\Coleta teste 2025',3,'Resposta','corrigida','A leitura da folha foi realizada com êxito.','2025-11-27 23:04:19','2025-11-27 23:04:19'),(190,'models\Coleta teste 2025',5,'Resposta','corrigida','A leitura da folha foi realizada com êxito.','2025-11-27 23:04:19','2025-11-27 23:04:19'),(191,'Novo lote de testes',4,'Resposta','corrigida','A leitura da folha foi realizada com êxito.','2025-11-27 23:04:23','2025-11-27 23:04:23'),(192,'Novo lote de testes',5,'Resposta','corrigida','A leitura da folha foi realizada com êxito.','2025-11-27 23:04:23','2025-11-27 23:04:23'),(193,'Novo lote de testes',3,'Resposta','corrigida','A leitura da folha foi realizada com êxito.','2025-11-27 23:04:23','2025-11-27 23:04:23'),(194,'Novo lote de testes',2,'Resposta','corrigida','A leitura da folha foi realizada com êxito.','2025-11-27 23:04:23','2025-11-27 23:04:23'),(195,'Novo lote de testes',1,'Resposta','corrigida','A leitura da folha foi realizada com êxito.','2025-11-27 23:04:23','2025-11-27 23:04:23'),(196,'Novo lote de testes',1,'Resposta','corrigida','A leitura da folha foi realizada com êxito.','2025-11-27 23:04:23','2025-11-27 23:04:23'),(197,'Novo lote de testes',2,'Resposta','corrigida','A leitura da folha foi realizada com êxito.','2025-11-27 23:04:23','2025-11-27 23:04:23'),(198,'Novo lote de testes',3,'Resposta','corrigida','A leitura da folha foi realizada com êxito.','2025-11-27 23:04:23','2025-11-27 23:04:23'),(199,'Novo lote de testes',4,'Resposta','corrigida','A leitura da folha foi realizada com êxito.','2025-11-27 23:04:23','2025-11-27 23:04:23'),(200,'Novo lote de testes',5,'Resposta','corrigida','A leitura da folha foi realizada com êxito.','2025-11-27 23:04:23','2025-11-27 23:04:23'),(201,'models\Coleta de teste 2',4,'Resposta','corrigida','A leitura da folha foi realizada com êxito.','2025-11-27 23:04:26','2025-11-27 23:04:26'),(202,'models\Coleta de teste 2',5,'Resposta','corrigida','A leitura da folha foi realizada com êxito.','2025-11-27 23:04:26','2025-11-27 23:04:26'),(203,'models\Coleta de teste 2',3,'Resposta','corrigida','A leitura da folha foi realizada com êxito.','2025-11-27 23:04:27','2025-11-27 23:04:27'),(204,'models\Coleta de teste 2',2,'Resposta','corrigida','A leitura da folha foi realizada com êxito.','2025-11-27 23:04:27','2025-11-27 23:04:27'),(205,'models\Coleta de teste 2',1,'Resposta','corrigida','A leitura da folha foi realizada com êxito.','2025-11-27 23:04:27','2025-11-27 23:04:27'),(206,'models\Coleta de teste 2',1,'Resposta','corrigida','A leitura da folha foi realizada com êxito.','2025-11-27 23:04:27','2025-11-27 23:04:27'),(207,'models\Coleta de teste 2',2,'Resposta','corrigida','A leitura da folha foi realizada com êxito.','2025-11-27 23:04:27','2025-11-27 23:04:27'),(208,'models\Coleta de teste 2',4,'Resposta','corrigida','A leitura da folha foi realizada com êxito.','2025-11-27 23:04:27','2025-11-27 23:04:27'),(209,'models\Coleta de teste 2',3,'Resposta','corrigida','A leitura da folha foi realizada com êxito.','2025-11-27 23:04:27','2025-11-27 23:04:27'),(210,'models\Coleta de teste 2',5,'Resposta','corrigida','A leitura da folha foi realizada com êxito.','2025-11-27 23:04:27','2025-11-27 23:04:27'),(211,'models\Coleta 01',4,'Resposta','corrigida','A leitura da folha foi realizada com êxito.','2025-11-27 23:04:34','2025-11-27 23:04:34'),(212,'models\Coleta 01',5,'Resposta','corrigida','A leitura da folha foi realizada com êxito.','2025-11-27 23:04:34','2025-11-27 23:04:34'),(213,'models\Coleta 01',3,'Resposta','corrigida','A leitura da folha foi realizada com êxito.','2025-11-27 23:04:34','2025-11-27 23:04:34'),(214,'models\Coleta 01',2,'Resposta','corrigida','A leitura da folha foi realizada com êxito.','2025-11-27 23:04:34','2025-11-27 23:04:34'),(215,'models\Coleta 01',1,'Resposta','corrigida','A leitura da folha foi realizada com êxito.','2025-11-27 23:04:34','2025-11-27 23:04:34'),(216,'models\Coleta 01',1,'Resposta','corrigida','A leitura da folha foi realizada com êxito.','2025-11-27 23:04:34','2025-11-27 23:04:34'),(217,'models\Coleta 01',2,'Resposta','corrigida','A leitura da folha foi realizada com êxito.','2025-11-27 23:04:35','2025-11-27 23:04:35'),(218,'models\Coleta 01',3,'Resposta','corrigida','A leitura da folha foi realizada com êxito.','2025-11-27 23:04:35','2025-11-27 23:04:35'),(219,'models\Coleta 01',4,'Resposta','corrigida','A leitura da folha foi realizada com êxito.','2025-11-27 23:04:35','2025-11-27 23:04:35'),(220,'models\Coleta 01',5,'Resposta','corrigida','A leitura da folha foi realizada com êxito.','2025-11-27 23:04:35','2025-11-27 23:04:35'),(221,'models\Coleta Padrao 202501',5,'Resposta','corrigida','A leitura da folha foi realizada com êxito.','2025-11-27 23:04:38','2025-11-27 23:04:38'),(222,'models\Coleta Padrao 202501',4,'Resposta','corrigida','A leitura da folha foi realizada com êxito.','2025-11-27 23:04:38','2025-11-27 23:04:38'),(223,'models\Coleta Padrao 202501',3,'Resposta','corrigida','A leitura da folha foi realizada com êxito.','2025-11-27 23:04:38','2025-11-27 23:04:38'),(224,'models\Coleta Padrao 202501',2,'Resposta','corrigida','A leitura da folha foi realizada com êxito.','2025-11-27 23:04:38','2025-11-27 23:04:38'),(225,'models\Coleta Padrao 202501',1,'Resposta','corrigida','A leitura da folha foi realizada com êxito.','2025-11-27 23:04:38','2025-11-27 23:04:38'),(226,'models\Coleta Padrao 202501',1,'Resposta','corrigida','A leitura da folha foi realizada com êxito.','2025-11-27 23:04:38','2025-11-27 23:04:38'),(227,'models\Coleta Padrao 202501',2,'Resposta','corrigida','A leitura da folha foi realizada com êxito.','2025-11-27 23:04:38','2025-11-27 23:04:38'),(228,'models\Coleta Padrao 202501',3,'Resposta','corrigida','A leitura da folha foi realizada com êxito.','2025-11-27 23:04:38','2025-11-27 23:04:38'),(229,'models\Coleta Padrao 202501',4,'Resposta','corrigida','A leitura da folha foi realizada com êxito.','2025-11-27 23:04:38','2025-11-27 23:04:38'),(230,'models\Coleta Padrao 202501',5,'Resposta','corrigida','A leitura da folha foi realizada com êxito.','2025-11-27 23:04:38','2025-11-27 23:04:38'),(231,'models\Coleta Teste 1',4,'Resposta','corrigida','A leitura da folha foi realizada com êxito.','2025-11-27 23:34:47','2025-11-27 23:34:47'),(232,'models\Coleta Teste 1',5,'Resposta','corrigida','A leitura da folha foi realizada com êxito.','2025-11-27 23:34:47','2025-11-27 23:34:47'),(233,'models\Coleta Teste 1',3,'Resposta','corrigida','A leitura da folha foi realizada com êxito.','2025-11-27 23:34:47','2025-11-27 23:34:47'),(234,'models\Coleta Teste 1',2,'Resposta','corrigida','A leitura da folha foi realizada com êxito.','2025-11-27 23:34:47','2025-11-27 23:34:47'),(235,'models\Coleta Teste 1',1,'Resposta','corrigida','A leitura da folha foi realizada com êxito.','2025-11-27 23:34:47','2025-11-27 23:34:47'),(236,'models\Coleta Teste 1',1,'Resposta','corrigida','A leitura da folha foi realizada com êxito.','2025-11-27 23:34:47','2025-11-27 23:34:47'),(237,'models\Coleta Teste 1',3,'Resposta','corrigida','A leitura da folha foi realizada com êxito.','2025-11-27 23:34:47','2025-11-27 23:34:47'),(238,'models\Coleta Teste 1',4,'Resposta','corrigida','A leitura da folha foi realizada com êxito.','2025-11-27 23:34:48','2025-11-27 23:34:48'),(239,'models\Coleta Teste 1',5,'Resposta','corrigida','A leitura da folha foi realizada com êxito.','2025-11-27 23:35:07','2025-11-27 23:35:07'),(240,'models\Coleta Teste 1',4,'Resposta','corrigida','A leitura da folha foi realizada com êxito.','2025-11-27 23:35:07','2025-11-27 23:35:07'),(241,'models\Coleta Teste 1',3,'Resposta','corrigida','A leitura da folha foi realizada com êxito.','2025-11-27 23:35:07','2025-11-27 23:35:07'),(242,'models\Coleta Teste 1',2,'Resposta','corrigida','A leitura da folha foi realizada com êxito.','2025-11-27 23:35:08','2025-11-27 23:35:08'),(243,'models\Coleta Teste 1',1,'Resposta','corrigida','A leitura da folha foi realizada com êxito.','2025-11-27 23:35:08','2025-11-27 23:35:08'),(244,'models\Coleta Teste 1',1,'Resposta','corrigida','A leitura da folha foi realizada com êxito.','2025-11-27 23:35:08','2025-11-27 23:35:08'),(245,'models\Coleta Teste 1',3,'Resposta','corrigida','A leitura da folha foi realizada com êxito.','2025-11-27 23:35:08','2025-11-27 23:35:08'),(246,'models\Coleta Teste 1',4,'Resposta','corrigida','A leitura da folha foi realizada com êxito.','2025-11-27 23:35:08','2025-11-27 23:35:08'),(247,'models\Coleta Teste 1',4,'Resposta','corrigida','A leitura da folha foi realizada com êxito.','2025-11-27 23:35:40','2025-11-27 23:35:40'),(248,'models\Coleta Teste 1',5,'Resposta','corrigida','A leitura da folha foi realizada com êxito.','2025-11-27 23:35:40','2025-11-27 23:35:40'),(249,'models\Coleta Teste 1',3,'Resposta','corrigida','A leitura da folha foi realizada com êxito.','2025-11-27 23:35:40','2025-11-27 23:35:40'),(250,'models\Coleta Teste 1',2,'Resposta','corrigida','A leitura da folha foi realizada com êxito.','2025-11-27 23:35:40','2025-11-27 23:35:40'),(251,'models\Coleta Teste 1',1,'Resposta','corrigida','A leitura da folha foi realizada com êxito.','2025-11-27 23:35:40','2025-11-27 23:35:40'),(252,'models\Coleta Teste 1',1,'Resposta','corrigida','A leitura da folha foi realizada com êxito.','2025-11-27 23:35:40','2025-11-27 23:35:40'),(253,'models\Coleta Teste 1',3,'Resposta','corrigida','A leitura da folha foi realizada com êxito.','2025-11-27 23:35:40','2025-11-27 23:35:40'),(254,'models\Coleta Teste 1',4,'Resposta','corrigida','A leitura da folha foi realizada com êxito.','2025-11-27 23:35:40','2025-11-27 23:35:40'),(255,'Turma nova 2026',5,'Resposta','corrigida','A leitura da folha foi realizada com êxito.','2025-11-27 23:36:35','2025-11-27 23:36:35'),(256,'Turma nova 2026',3,'Resposta','corrigida','A leitura da folha foi realizada com êxito.','2025-11-27 23:36:35','2025-11-27 23:36:35'),(257,'Turma nova 2026',2,'Resposta','corrigida','A leitura da folha foi realizada com êxito.','2025-11-27 23:36:35','2025-11-27 23:36:35'),(258,'Turma nova 2026',2,'Resposta','corrigida','A leitura da folha foi realizada com êxito.','2025-11-27 23:36:35','2025-11-27 23:36:35'),(259,'Turma nova 2026',3,'Resposta','corrigida','A leitura da folha foi realizada com êxito.','2025-11-27 23:36:35','2025-11-27 23:36:35');
/*!40000 ALTER TABLE `paginas_lote` ENABLE KEYS */;
UNLOCK TABLES;

--
-- Table structure for table `resumo_lote`
--

DROP TABLE IF EXISTS `resumo_lote`;
/*!40101 SET @saved_cs_client     = @@character_set_client */;
/*!50503 SET character_set_client = utf8mb4 */;
CREATE TABLE `resumo_lote` (
  `lote_id` varchar(255) NOT NULL,
  `corrigidas` int NOT NULL DEFAULT '0',
  `defeituosas` int NOT NULL DEFAULT '0',
  `repetidas` int NOT NULL DEFAULT '0',
  `total` int NOT NULL DEFAULT '0',
  `atualizado_em` datetime NOT NULL,
  PRIMARY KEY (`lote_id`)
) ENGINE=InnoDB DEFAULT CHARSET=utf8mb4 COLLATE=utf8mb4_0900_ai_ci;
/*!40101 SET character_set_client = @saved_cs_client */;

--
-- Dumping data for table `resumo_lote`
--

LOCK TABLES `resumo_lote` WRITE;
/*!40000 ALTER TABLE `resumo_lote` DISABLE KEYS */;
INSERT INTO `resumo_lote` VALUES ('Analise models\Coleta Novembro 2025',20,0,0,20,'2025-11-27 23:01:12'),('models\Coleta 01',10,0,0,10,'2025-11-27 22:18:42'),('models\Coleta 9 ano manha',10,0,0,10,'2025-11-27 22:18:54'),('models\Coleta Abril 2025',15,0,0,15,'2025-11-27 22:18:05'),('models\Coleta de teste 2',10,0,0,10,'2025-11-27 22:18:57'),('models\Coleta nova 1',20,0,0,20,'2025-11-27 22:59:23'),('models\Coleta Padrao 202501',10,0,0,10,'2025-11-27 22:18:38'),('models\Coleta Teste 1',10,0,0,10,'2025-11-27 22:18:49'),('models\Coleta teste 2025',10,0,0,10,'2025-11-27 22:19:02'),('Nova models\Coleta Saeb',10,0,0,10,'2025-11-27 22:19:09'),('Novo lote de testes',10,0,0,10,'2025-11-27 22:19:06');
/*!40000 ALTER TABLE `resumo_lote` ENABLE KEYS */;
UNLOCK TABLES;

--
-- Dumping routines for database 'corretor_saeb'
--
/*!40103 SET TIME_ZONE=@OLD_TIME_ZONE */;

/*!40101 SET SQL_MODE=@OLD_SQL_MODE */;
/*!40014 SET FOREIGN_KEY_CHECKS=@OLD_FOREIGN_KEY_CHECKS */;
/*!40014 SET UNIQUE_CHECKS=@OLD_UNIQUE_CHECKS */;
/*!40101 SET CHARACTER_SET_CLIENT=@OLD_CHARACTER_SET_CLIENT */;
/*!40101 SET CHARACTER_SET_RESULTS=@OLD_CHARACTER_SET_RESULTS */;
/*!40101 SET COLLATION_CONNECTION=@OLD_COLLATION_CONNECTION */;
/*!40111 SET SQL_NOTES=@OLD_SQL_NOTES */;

-- Dump completed on 2025-11-27 23:39:13
